{"2024-01-27-hard-dance-nyc-presents-d-sturb-geo-2024":{"location":"23 Meadow Street, Brooklyn, NY, United States","countryCode":"US","continentCode":"NA","date":"2023/12/11","dateStart":"2024/01/27"},"2024-02-15-hard-dance-nyc-presents-wasted-penguinz-2024":{"location":"23 Meadow Street, Brooklyn, NY, United States","countryCode":"US","continentCode":"NA","date":"2024/01/31","dateStart":"2024/02/15"},"2024-02-16-basscon-presents-wasted-penguinz-2024":{"location":"Suite 100 - 919 Fourth Ave, San Diego, CA 92101, United States","countryCode":"US","continentCode":"NA","date":"2024/01/25","dateStart":"2024/02/16"},"2024-02-19-basscon-geo-2024":{"location":"6021 Hollywood Blvd, Los Angeles, CA, United States","countryCode":"US","continentCode":"NA","date":"2024/01/12","dateStart":"2024/02/09"},"2024-02-22-hard-dance-nyc-presents-sub-zero-project-2024":{"location":"23 Meadow Street, Brooklyn, NY, United States","countryCode":"US","continentCode":"NA","date":"2023/10/04","dateStart":"2024/02/22"},"2024-02-24-basscon-presents-sub-zero-project-2024":{"location":"645 NW 45th St, Seattle, WA 98107-4440, United States","countryCode":"US","continentCode":"NA","date":"2023/11/15","dateStart":"2024/02/24"},"2024-03-01-megarave-the-energiehal-reunion-2025":{"location":"Rodesk B.V., Maashaven Z.z 5, 3081 AE Rotterdam, Netherlands","countryCode":"NL","continentCode":"EU","date":"2024/06/20","dateStart":"2025/03/01"},"2024-03-01-reverze-2024":{"location":"Schijnpoortweg 113, 2170 Antwerpen, Belgium","countryCode":"BE","continentCode":"EU","date":"2023/03/01","dateStart":"2024/03/01","dateEnd":"2024/03/02"},"2024-03-02-rawdefinition-2024":{"location":"Burgemeester Drijbersingel 7, 8021 DA Zwolle, Netherlands","countryCode":"NL","continentCode":"EU","date":"2024/01/01","dateStart":"2024/03/02"},"2024-03-08-madness-presents-sub-zero-project-2024":{"location":"Königstraße 49, 70173 Stuttgart, Germany","countryCode":"DE","continentCode":"EU","date":"2024/01/23","dateStart":"2024/03/08"},"2024-03-08-the-hardest-presents-no-limits-2024":{"location":"Ruiterskwartier 41, Leeuwarden, Netherlands","countryCode":"NL","continentCode":"EU","date":"2023/11/15","dateStart":"2024/03/08"},"2024-03-09-avondje-outsiders-2024":{"location":"Ahoyweg 10, 3084 BA Rotterdam, Netherlands","countryCode":"NL","continentCode":"EU","date":"2023/10/04","dateStart":"2024/03/09"},"2024-03-09-hellbound-welcome-to-the-machine-2024":{"location":"Hemkade 48, 1506 PS Zaandam, Netherlands","countryCode":"NL","continentCode":"EU","date":"2023/03/12","dateStart":"2024/03/09"},"2024-03-09-kill-the-noise-festival-2024":{"location":"Güterbahnhofstrasse 4, 9000 St. Gallen, Switzerland","countryCode":"CH","continentCode":"EU","date":"2023/10/03","dateStart":"2024/03/09"},"2024-03-09-rawfare-2024":{"location":"Shell EV Charging Solutions B.V., Fabriekslaan, 9745 Hoogkerk, Netherlands","countryCode":"NL","continentCode":"EU","date":"2023/12/13","dateStart":"2024/03/09"},"2024-03-09-solar-eclipse-2024":{"location":"Beesdseweg 1a 4104AW Culemborg, Netherlands","countryCode":"NL","continentCode":"EU","date":"2023/12/14","dateStart":"2024/03/09"},"2024-03-15-bkjn-future-night-2024":{"location":"Van der hagenstraat 22, Zoetermeer, Netherlands","countryCode":"NL","continentCode":"EU","date":"2023/12/07","dateStart":"2024/03/15"},"2024-03-15-brennan-heart-docks-hamburg-2024":{"location":"Spielbudenpl. 19, 20359 Hamburg, Germany","countryCode":"DE","continentCode":"EU","date":"2023/11/14","dateStart":"2024/03/15"},"2024-03-15-mystica-entangled-mind-games-2024":{"location":"Pieter Vreedeplein 172, 5038 BW Tilburg, Netherlands","countryCode":"NL","continentCode":"EU","date":"2023/12/06","dateStart":"2024/03/15"},"2024-03-15-thyron-album-release-night-2024":{"location":"Heuvelring 39-05, 5038 CJ Tilburg, Netherlands","countryCode":"NL","continentCode":"EU","date":"2024/01/30","dateStart":"2024/03/15"},"2024-03-16-city-of-eldorado-2024":{"location":"1 Chemin de la Terrière, 51510 Fagnières, France","countryCode":"FR","continentCode":"EU","date":"2023/11/27","dateStart":"2024/03/16"},"2024-03-16-hardclassics-festival-2024":{"location":"De Ven 2, 1981 LW Velsen-Zuid, Netherlands","countryCode":"NL","continentCode":"EU","date":"2023/07/31","dateStart":"2024/07/27"},"2024-03-16-hardstyle-invasion-2-2024":{"location":"San Diego, CA, United States","countryCode":"US","continentCode":"NA","date":"2024/02/05","dateStart":"2024/03/16"},"2024-03-16-revenge-portal-to-the-extreme-2024":{"location":"Now&Wow Fest., Maashaven Z.z, 3081 AE Rotterdam, Netherlands","countryCode":"NL","continentCode":"EU","date":"2023/11/20","dateStart":"2024/03/16"},"2024-03-16-sound-of-the-underground-2024":{"location":"Hemkade 48, 1506 PS Zaandam, Netherlands","countryCode":"NL","continentCode":"EU","date":"2023/07/31","dateStart":"2024/03/16"},"2024-03-16-tomorrowland-winter-2024":{"location":"Alpe d'Huez, 38750 Huez, France","countryCode":"FR","continentCode":"EU","date":"2023/04/26","dateStart":"2024/03/16","dateEnd":"2024/03/23"},"2024-03-16-welcome-to-the-gang-2024":{"location":"Bavelseparklaan 13, 4817 ZX Breda, Netherlands","countryCode":"NL","continentCode":"EU","date":"2023/11/21","dateStart":"2024/03/16"},"2024-03-22-hard-dance-nyc-presents-warface-2024":{"location":"23 Meadow Street, Brooklyn, NY, United States","countryCode":"US","continentCode":"NA","date":"2024/02/01","dateStart":"2024/03/22"},"2024-03-22-ultra-music-festival-2024":{"location":"33 Biscayne Blvd, Miami, FL 33132, United States","countryCode":"US","continentCode":"NA","date":"2023/06/05","dateStart":"2024/03/22","dateEnd":"2024/03/24"},"2024-03-23-basscon-presents-tnt-wasted-penguinz-2024":{"location":"900 Marin St, San Francisco, CA, United States","countryCode":"US","continentCode":"NA","date":"2024/02/08","dateStart":"2024/03/23"},"2024-03-23-impact-of-theia-2024":{"location":"43C Boulevard de Verdun, 76000 Rouen, France","countryCode":"FR","continentCode":"EU","date":"2024/02/01","dateStart":"2024/03/23"},"2024-03-23-recharged-city-of-lights-2024":{"location":"Trivium 170, 4873 LP Etten-Leur, Netherlands","countryCode":"NL","continentCode":"EU","date":"2024/02/26","dateStart":"2024/03/23"},"2024-03-28-hardice-presents-imperatorz-2024":{"location":"Rue de l'Etang 19, 1630 Bulle, Switzerland","countryCode":"CH","continentCode":"EU","date":"2023/02/23","dateStart":"2024/03/28"},"2024-03-29-a-new-era-of-up-the-tempo-2024":{"location":"Heuvelring 94, 5038 CL Tilburg, Netherlands","countryCode":"NL","continentCode":"EU","date":"2024/03/05","dateStart":"2024/03/29"},"2024-03-29-dark-circus-2024":{"location":"Homburg 28, 4153 BS Beesd, Netherlands","countryCode":"NL","continentCode":"EU","date":"2023/12/23","dateStart":"2024/03/29"},"2024-03-29-paaspop-2024":{"location":"Molendijk-Noord 91-01, 5482 WX Schijndel, Netherlands","countryCode":"NL","continentCode":"EU","date":"2023/04/09","dateStart":"2024/03/29","dateEnd":"2024/03/31"},"2024-03-30-fusion-force-2024":{"location":"6910 Shirley Ave, Austin, TX 78752, United States","countryCode":"US","continentCode":"NA","date":"2024/02/20","dateStart":"2024/03/30"},"2024-03-30-masters-of-hardcore-2024":{"location":"Diezekade 2, 5222 AK 's-Hertogenbosch, Netherlands","countryCode":"NL","continentCode":"EU","date":"2023/03/25","dateStart":"2024/03/30"},"2024-03-30-ravemania-2024":{"location":"Limmatstrasse 118, 8005 Zürich, Switzerland","countryCode":"CH","continentCode":"EU","date":"2023/12/06","dateStart":"2024/03/30"},"2024-03-30-route-666-2024":{"location":"Am Messepl. 14, 25813 Husum, Germany","countryCode":"DE","continentCode":"EU","date":"2024/01/19","dateStart":"2024/03/30"},"2024-03-30-state-of-bass-classics-2024":{"location":"Zijlsingel 2, 2013 DN Haarlem, Netherlands","countryCode":"NL","continentCode":"EU","date":"2024/02/15","dateStart":"2024/03/30"},"2024-03-30-timeless-indoor-jokers-edition-2024":{"location":"Rue des Deux Provinces 1, 6900 Marche-en-Famenne, Belgium","countryCode":"BE","continentCode":"EU","date":"2023/10/01","dateStart":"2024/03/30"},"2024-03-31-rawfair-a-new-chapter-2024":{"location":"Heuvelring 94, 5038 CL Tilburg, Netherlands","countryCode":"NL","continentCode":"EU","date":"2024/03/14","dateStart":"2024/03/31"},"2024-03-31-rebelion-the-final-dose-2024":{"location":"Siegburger Str. 15 40591 Düsseldorf, Germany","countryCode":"DE","continentCode":"EU","date":"2024/01/11","dateStart":"2024/03/31"},"2024-04-05-geen-gezeur-meer-terreur-birthday-rave-2024":{"location":"Now&Wow Fest., Maashaven Z.z, 3081 AE Rotterdam, Netherlands","countryCode":"NL","continentCode":"EU","date":"2024/01/25","dateStart":"2024/04/05"},"2024-04-05-masif-gvng-presents-autumn-babies-2024":{"location":"127/131 Liverpool St, Sydney NSW 2000, Australia","countryCode":"AU","continentCode":"OC","date":"2024/03/30","dateStart":"2024/04/05"},"2024-04-06-darkraver-all-night-long-2024":{"location":"Basisweg 63, 1043 AN Amsterdam, Netherlands","countryCode":"NL","continentCode":"EU","date":"2024/01/11","dateStart":"2024/04/06"},"2024-04-06-dedikted-the-judgement-day-2024":{"location":"Av. Ferrocarriles Pte. 8, El Nopalito, 54800 Cuautitlán de Romero Rubio, Méx., Mexico","countryCode":"MX","continentCode":"NA","date":"2024/03/07","dateStart":"2024/04/06"},"2024-04-06-heart-of-hard-presents-riot-shift-2024":{"location":"Tachovské náměstí 5 13000 Prague, Czech Republic","countryCode":"CZ","continentCode":"EU","date":"2024/02/04","dateStart":"2024/04/06"},"2024-04-06-synergy-revolution-of-raw-2024":{"location":"Ahoyweg 10, 3084 BA Rotterdam, Netherlands","countryCode":"NL","continentCode":"EU","date":"2024/01/16","dateStart":"2024/04/06"},"2024-04-12-masif-and-high-voltage-present-rob-gee-2024":{"location":"127/131 Liverpool St, Sydney NSW 2000, Australia","countryCode":"AU","continentCode":"OC","date":"2024/03/31","dateStart":"2024/04/12"},"2024-04-12-rebirth-festival-2024":{"location":"Antwerpsebaan 7, 5268 KB Helvoirt, Netherlands","countryCode":"NL","continentCode":"EU","date":"2023/04/17","dateStart":"2024/04/12","dateEnd":"2024/04/14"},"2024-04-13-angerfist-docks-hamburg-2024":{"location":"Spielbudenpl. 19, 20359 Hamburg, Germany","countryCode":"DE","continentCode":"EU","date":"2023/10/16","dateStart":"2024/04/13"},"2024-04-13-hard-is-king-april-2024":{"location":"7126 Lawndale Ave, Houston, TX 77023-4213, United States","countryCode":"US","continentCode":"NA","date":"2024/02/19","dateStart":"2024/04/13"},"2024-04-14-hard-dance-nyc-presents-radical-redemption-2024":{"location":"23 Meadow Street, Brooklyn, NY, United States","countryCode":"US","continentCode":"NA","date":"2024/01/31","dateStart":"2024/04/14"},"2024-04-18-extinction-featuring-frontliner-2024":{"location":"517 Fremont St, Las Vegas, NV 89101, United States","countryCode":"US","continentCode":"NA","date":"2024/03/26","dateStart":"2024/04/18"},"2024-04-19-gatekeepers-unlocking-new-possibilities-2024":{"location":"Heuvelring 94, 5038 CL Tilburg, Netherlands","countryCode":"NL","continentCode":"EU","date":"2024/03/14","dateStart":"2024/04/19"},"2024-04-19-madness-presents-rooler-2024":{"location":"Königstraße 49, 70173 Stuttgart, Germany","countryCode":"DE","continentCode":"EU","date":"2024/03/07","dateStart":"2024/04/19"},"2024-04-19-overloud-events-6-year-celebration-2024":{"location":"2031 Rue St-Denis, Montréal, QC H2X 3K8, Canada","countryCode":"CA","continentCode":"NA","date":"2024/02/20","dateStart":"2024/04/19"},"2024-04-20-bassquake-festival-2024":{"location":"Zur Winterwelt 1, 19243 Wittenburg, Germany","countryCode":"DE","continentCode":"EU","date":"2024/01/23","dateStart":"2024/04/20"},"2024-04-20-bkjn-21-years-2024":{"location":"Hemkade 48, 1506 PS Zaandam, Netherlands","countryCode":"NL","continentCode":"EU","date":"2024/02/24","dateStart":"2024/04/20"},"2024-04-26-heart-of-hard-presents-angerfist-2024":{"location":"Storm Club, Tachovské nám. 290, 130 00 Praha 3-Žižkov, Czech Republic","countryCode":"CZ","continentCode":"EU","date":"2024/02/22","dateStart":"2024/04/26"},"2024-04-26-kingdance-festival-2024":{"location":"Lakeside Zwolle, 8026 Zwolle, Netherlands","countryCode":"NL","continentCode":"EU","date":"2023/05/07","dateStart":"2024/04/26","dateEnd":"2024/04/27"},"2024-04-26-royal-kingsnight-a-majestic-night-of-uptempo-kings-and-queens-2024":{"location":"Heuvelring 94, 5038 CL Tilburg, Netherlands","countryCode":"NL","continentCode":"EU","date":"2024/03/15","dateStart":"2024/04/26"},"2024-04-26-supersized-kingsday-festival-2025":{"location":"Ekkersweijer 12, 5681 RZ Best, Netherlands","countryCode":"NL","continentCode":"EU","date":"2024/06/14","dateStart":"2025/04/26"},"2024-04-27-hardfest-2024":{"location":"Drienerlolaan 5, 7522 NB Enschede, Netherlands","countryCode":"NL","continentCode":"EU","date":"2023/11/22","dateStart":"2024/04/27"},"2024-04-27-stuck-on-earth-30-2024":{"location":"23 Meadow Street, Brooklyn, NY, United States","countryCode":"US","continentCode":"NA","date":"2024/03/17","dateStart":"2024/04/27"},"2024-04-27-supersized-kingsday-festival-2024":{"location":"Ekkersweijer 12, 5681 RZ Best, Netherlands","countryCode":"NL","continentCode":"EU","date":"2023/04/27","dateStart":"2024/04/27"},"2024-05-03-hard-dance-nyc-presents-junkie-kid-2024":{"location":"23 Meadow Street, Brooklyn, NY, United States","countryCode":"US","continentCode":"NA","date":"2024/03/11","dateStart":"2024/05/03"},"2024-05-03-hardstyle-dna-outdoor-festival-2024":{"location":"Kadettangen 14, 1337 Sandvika, Norway","countryCode":"NO","continentCode":"EU","date":"2023/11/07","dateStart":"2024/05/03","dateEnd":"2024/05/04"},"2024-05-03-sub-zero-project-docks-hamburg-2024":{"location":"Spielbudenpl. 19, 20359 Hamburg, Germany","countryCode":"DE","continentCode":"EU","date":"2024/01/19","dateStart":"2024/05/03"},"2024-05-04-basscon-presents-lil-texas-planet-texcore-2024":{"location":"645 NW 45th St, Seattle, WA 98107-4440, United States","countryCode":"US","continentCode":"NA","date":"2023/11/17","dateStart":"2024/05/04"},"2024-05-04-bkjn-events-presents-bulletproof-2024":{"location":"Veemarktstraat 38C, 5038 CV Tilburg, Netherlands","countryCode":"NL","continentCode":"EU","date":"2023/09/07","dateStart":"2024/05/04"},"2024-05-04-flashback-2024":{"location":"Lotto Arena, Schijnpoortweg 119, 2170 Antwerpen, Belgium","countryCode":"BE","continentCode":"EU","date":"2023/12/04","dateStart":"2024/05/04"},"2024-05-04-infiltration-2024":{"location":"PWA Silverdome, Van der Hagenstraat 20, 2722 NT Zoetermeer, Netherlands","countryCode":"NL","continentCode":"EU","date":"2024/02/26","dateStart":"2024/06/08"},"2024-05-04-midnight-mafia-viii-2024":{"location":"1 Showground Road Sydney Olympic Park, NSW, Australia","countryCode":"AU","continentCode":"OC","date":"2024/01/30","dateStart":"2024/05/04"},"2024-05-05-dance4liberation-2024":{"location":"Lakeside Zwolle, 8026 Zwolle, Netherlands","countryCode":"NL","continentCode":"EU","date":"2023/05/07","dateStart":"2024/05/05"},"2024-05-11-10yrs-madness-x-bootshaus-2024":{"location":"Auenweg 173 51063 Cologne, Germany","countryCode":"DE","continentCode":"EU","date":"2024/03/07","dateStart":"2024/05/11"},"2024-05-11-midnight-mafia-order-of-the-lotus-2024":{"location":"Av. El Salto 5000, Huechuraba, Región Metropolitana, Chile","countryCode":"CL","continentCode":"SA","date":"2024/01/30","dateStart":"2024/05/11"},"2024-05-11-overdose-the-final-dose-2024":{"location":"Limmatstrasse 118 8005 Zürich, Switzerland","countryCode":"CH","continentCode":"EU","date":"2024/01/11","dateStart":"2024/05/11"},"2024-05-12-hardgate-11-2024":{"location":"Circus Tokyo, 第５叶ビル 1F/B1F 3 Chome-26-16 Shibuya, Shibuya City, Tokyo 150-0002, Japan","countryCode":"JP","continentCode":"AS","date":"2024/01/01","dateStart":"2024/05/12"},"2024-05-16-basscon-pool-party-2024":{"location":"206 N 3rd St, Las Vegas, NV 89101, United States","countryCode":"US","continentCode":"NA","date":"2024/02/22","dateStart":"2024/05/16"},"2024-05-17-edc-las-vegas-2024":{"location":"7000 N. Las Vegas Blvd, Las Vegas, NV 89115, United States","countryCode":"US","continentCode":"NA","date":"2023/05/24","dateStart":"2024/05/17","dateEnd":"2024/05/20"},"2024-05-17-freshtival-weekend-2024":{"location":"Jacobsrietweg 182, 7546 RG Enschede, Netherlands","countryCode":"NL","continentCode":"EU","date":"2023/06/07","dateStart":"2024/05/17","dateEnd":"2024/05/19"},"2024-05-18-hard-is-king-austin-2024":{"location":"6910 Shirley Ave, Austin, TX 78752, United States","countryCode":"US","continentCode":"NA","date":"2024/02/28","dateStart":"2024/05/18"},"2024-05-18-harmony-of-hardcore-2024":{"location":"Keldonkseweg 8, 5469 EP Erp, Netherlands","countryCode":"NL","continentCode":"EU","date":"2023/05/28","dateStart":"2024/05/18"},"2024-05-19-kickerz-2024":{"location":"Willemsplein 10, 6811 KB Arnhem, Netherlands","countryCode":"NL","continentCode":"EU","date":"2024/03/06","dateStart":"2024/05/19"},"2024-05-23-hard-dance-nyc-presents-devin-wild-keltek-2024":{"location":"23 Meadow Street, Brooklyn, NY, United States","countryCode":"US","continentCode":"NA","date":"2024/03/11","dateStart":"2024/05/23"},"2024-05-24-emporium-festival-2025":{"location":"Weg door de Berendonck, Wijchen, Netherlands","countryCode":"NL","continentCode":"EU","date":"2024/06/14","dateStart":"2025/05/24"},"2024-05-24-i-am-hardstyle-poland-2024":{"location":"Łazienkowska 6A, 00-449 Warszawa, Poland","countryCode":"PL","continentCode":"EU","date":"2024/02/20","dateStart":"2024/05/24"},"2024-05-25-emporium-festival-2024":{"location":"Thermen Berendonck, Oude Teersdijk 15, 6603 KJ Wijchen, Netherlands","countryCode":"NL","continentCode":"EU","date":"2023/05/03","dateStart":"2024/05/25"},"2024-05-25-ultimate-bassline-festival-2024":{"location":"Rue Pierre-Joseph Antoine, 4040 Herstal, Belgium","countryCode":"BE","continentCode":"EU","date":"2024/02/05","dateStart":"2024/05/25"},"2024-05-31-rumble-in-the-summer-2024":{"location":"2631 Whittier Blvd, Los Angeles, CA, United States","countryCode":"US","continentCode":"NA","date":"2024/04/18","dateStart":"2024/05/31"},"2024-06-01-mission-festival-2024":{"location":"Attisholzstrasse 10, 4533 Riedholz, Switzerland","countryCode":"CH","continentCode":"EU","date":"2024/06/19","dateStart":"2024/06/01"},"2024-06-08-heaven-hill-festival-2024":{"location":"Dong Open Air, Zur Himmelstreppe, 47506 Neukirchen-Vluyn, Germany","countryCode":"DE","continentCode":"EU","date":"2024/06/19","dateStart":"2024/06/08"},"2024-06-08-multigroove-festival-2024":{"location":"Hemkade 48, 1506 PS Zaandam, Netherlands","countryCode":"NL","continentCode":"EU","date":"2024/02/01","dateStart":"2024/06/08"},"2024-06-14-gatekeepers-the-unstoppable-force-2024":{"location":"Heuvelring 94, Tilburg, Netherlands","countryCode":"NL","continentCode":"EU","date":"2024/06/14","dateStart":"2024/06/14"},"2024-06-14-i-am-hardstyle-present-save-euphoric-2024":{"location":"Auenweg 173, 51063 Köln, Germany","countryCode":"DE","continentCode":"EU","date":"2024/06/14","dateStart":"2024/06/14"},"2024-06-14-masif-presents-hysta-2024":{"location":"127-131 Liverpool St, Sydney NSW 2000, Australia","countryCode":"AU","continentCode":"OC","date":"2024/06/14","dateStart":"2024/06/14"},"2024-06-14-nexus-festival-2024":{"location":"Av. de la Industria, 80, 28970 Humanes de Madrid, Madrid, Spain","countryCode":"ES","continentCode":"EU","date":"2024/06/13","dateStart":"2024/06/14"},"2024-06-15-hard-dance-nyc-presents-deadly-guns-2024":{"location":"23 Meadow Street, Brooklyn, NY, United States","countryCode":"US","continentCode":"NA","date":"2024/03/26","dateStart":"2024/06/15"},"2024-06-15-hardwired-summer-special-2024":{"location":"Los Angeles, CA, United States","countryCode":"US","continentCode":"NA","date":"2024/03/28","dateStart":"2024/06/15"},"2024-06-15-q-dance-take-over-at-world-dj-festival-2024":{"location":"505-5 Banpo-dong, Seocho-gu, Seoul, South Korea","countryCode":"KR","continentCode":"AS","date":"2024/02/19","dateStart":"2024/06/15"},"2024-06-16-hardtrackerz-presents-dj-hysta-2024":{"location":"Level 29, Rooftop Gtower, Marquis Sky Lounge, 50450 Kuala Lumpur, Federal Territory of Kuala Lumpur, Malaysia","countryCode":"MY","continentCode":"AS","date":"2024/06/19","dateStart":"2024/06/16"},"2024-06-21-electrifinity-festival-2024":{"location":"Otto-Wels-Straße 2, 83043 Bad Aibling, Germany","countryCode":"DE","continentCode":"EU","date":"2024/06/19","dateStart":"2024/06/21","dateEnd":"2024/06/23"},"2024-06-21-masif-presents-dna-2024":{"location":"127-131 Liverpool St, Sydney NSW 2000, Australia","countryCode":"AU","continentCode":"OC","date":"2024/06/14","dateStart":"2024/06/21"},"2024-06-21-outlands-festival-2024":{"location":"Soetendaal 5A, 5821 BL Vierlingsbeek, Netherlands","countryCode":"NL","continentCode":"EU","date":"2024/06/13","dateStart":"2024/06/21","dateEnd":"2024/06/23"},"2024-06-21-summer-sanctuary-2024":{"location":"1063 N Mt Vernon Ave, San Bernardino, CA 92411-2228, United States","countryCode":"US","continentCode":"NA","date":"2024/06/19","dateStart":"2024/06/21"},"2024-06-21-up-the-tempo-bounce-2024":{"location":"Heuvelring 94, Tilburg, Netherlands","countryCode":"NL","continentCode":"EU","date":"2024/06/14","dateStart":"2024/06/21"},"2024-06-21-volume-x-kragelund-festival-2024":{"location":"25884 Viöl, Germany","countryCode":"DE","continentCode":"EU","date":"2024/06/20","dateStart":"2024/06/21","dateEnd":"2024/06/23"},"2024-06-22-addicted-to-oldschool-2024":{"location":"Heuvelring 94, Tilburg, Netherlands","countryCode":"NL","continentCode":"EU","date":"2024/06/14","dateStart":"2024/06/22"},"2024-06-22-gabber-gala-2024":{"location":"Museumpark 18, 3015 CX Rotterdam, Netherlands","countryCode":"NL","continentCode":"EU","date":"2024/06/20","dateStart":"2024/06/22"},"2024-06-22-hardcore-italia-fight-for-your-right-2024":{"location":"Via Montichiari, 18, 25016 Ghedi BS, Italy","countryCode":"IT","continentCode":"EU","date":"2024/06/20","dateStart":"2024/06/22"},"2024-06-22-hardstyle-takeover-gunz-4-hire-adaro-2024":{"location":"Technologiepark 11, 22946 Trittau, Germany","countryCode":"DE","continentCode":"EU","date":"2024/06/20","dateStart":"2024/06/22"},"2024-06-22-welcome-to-wolf-city-2024":{"location":"99 Rue du Général Roguet, 92110 Clichy, France","countryCode":"FR","continentCode":"EU","date":"2024/06/19","dateStart":"2024/06/22"},"2024-06-26-8th-annual-qsa-pre-defqon-meetup-2024":{"location":"Leidseplein 22 Amsterdam, Netherlands","countryCode":"NL","continentCode":"EU","date":"2024/06/11","dateStart":"2024/06/26"},"2024-06-27-defqon-1-weekend-festival-2024":{"location":"Spijkweg 30, 8256 RJ Biddinghuizen, Netherlands","countryCode":"NL","continentCode":"EU","date":"2023/07/10","dateStart":"2024/06/27","dateEnd":"2024/06/30"},"2024-06-27-sunrise-festival-2024":{"location":"Visbeekdries, Belgium","countryCode":"BE","continentCode":"EU","date":"2024/06/13","dateStart":"2024/06/27"},"2024-06-28-beach-party-by-nova-era-2024":{"location":"Perafita, Portugal","countryCode":"PT","continentCode":"EU","date":"2024/06/19","dateStart":"2024/06/28","dateEnd":"2024/06/29"},"2024-06-28-masif-mainstage-present-decadence-2024":{"location":"127-131 Liverpool St, Sydney NSW 2000, Australia","countryCode":"AU","continentCode":"OC","date":"2024/06/14","dateStart":"2024/06/28"},"2024-06-29-boulevard-outdoor-2024":{"location":"Vriezenveenseweg 57, 7641 PE Wierden, Netherlands","countryCode":"NL","continentCode":"EU","date":"2024/06/13","dateStart":"2024/06/29"},"2024-06-29-galaxy-2024":{"location":"4067 W Pico Blvd, Los Angeles, CA 90019-4308, United States","countryCode":"US","continentCode":"NA","date":"2024/02/16","dateStart":"2024/06/29"},"2024-06-29-parkcity-live-2024":{"location":"Bekkerweg 87B, 6417 BV Heerlen, Netherlands","countryCode":"NL","continentCode":"EU","date":"2024/06/19","dateStart":"2024/06/29","dateEnd":"2024/06/30"},"2024-07-03-beats-for-love-2024":{"location":"Vítkovice, 703 00 Ostrava 3, Czech Republic","countryCode":"CZ","continentCode":"EU","date":"2024/06/19","dateStart":"2024/07/03","dateEnd":"2024/07/06"},"2024-07-04-electric-love-festival-2024":{"location":"Kurvenstandl, Salzburgring, 5321 Koppl, Austria","countryCode":"AT","continentCode":"EU","date":"2023/07/14","dateStart":"2024/07/04","dateEnd":"2024/07/07"},"2024-07-04-hard-dance-nyc-presents-lady-faith-2024":{"location":"23 Meadow Street, Brooklyn, NY, United States","countryCode":"US","continentCode":"NA","date":"2024/06/11","dateStart":"2024/07/04"},"2024-07-05-karma-outdoor-2024":{"location":"Landsardseweg 37, 5513 PC Wintelre, Netherlands","countryCode":"NL","continentCode":"EU","date":"2024/06/19","dateStart":"2024/07/05","dateEnd":"2024/07/06"},"2024-07-05-masif-presents-wasted-penguinz-2024":{"location":"127-131 Liverpool St, Sydney NSW 2000, Australia","countryCode":"AU","continentCode":"OC","date":"2024/06/14","dateStart":"2024/07/05"},"2024-07-05-saga-festival-2024":{"location":"Romaero, Băneasa, Bucharest, Romania","countryCode":"RO","continentCode":"EU","date":"2024/06/20","dateStart":"2024/07/05","dateEnd":"2024/07/07"},"2024-07-05-sibr-estival-2024":{"location":"Rue Des Berges Du Bî, Vaux-sur-Sûre, Belgium","countryCode":"BE","continentCode":"EU","date":"2024/06/19","dateStart":"2024/07/05","dateEnd":"2024/07/06"},"2024-07-05-stereo-sunday-2024":{"location":"5913 AN Venlo, Netherlands","countryCode":"NL","continentCode":"EU","date":"2024/06/13","dateStart":"2024/07/05"},"2024-07-05-up-the-tempo-extreme-2024":{"location":"Heuvelring 94, Tilburg, Netherlands","countryCode":"NL","continentCode":"EU","date":"2024/06/14","dateStart":"2024/07/05"},"2024-07-05-wish-outdoor-2024":{"location":"Tuinstraat 28, 5741 EM Beek en Donk, Netherlands","countryCode":"NL","continentCode":"EU","date":"2024/06/13","dateStart":"2024/07/05","dateEnd":"2024/07/07"},"2024-07-06-dreamfields-festival-2024":{"location":"Lathum, Netherlands","countryCode":"NL","continentCode":"EU","date":"2024/06/13","dateStart":"2024/07/06"},"2024-07-06-hardcore-gladiators-2024":{"location":"Im Lipperfeld 23, 46047 Oberhausen, Germany","countryCode":"DE","continentCode":"EU","date":"2024/01/31","dateStart":"2024/07/06"},"2024-07-06-q-dance-take-over-at-balaton-sound-2024":{"location":"Lake Balaton, Hungary","countryCode":"HU","continentCode":"EU","date":"2024/02/14","dateStart":"2024/07/06"},"2024-07-07-dropzone-2024":{"location":"Slatinska ulica 91, HR-53291 Novalja, Hrvatska, Croatia","countryCode":"HR","continentCode":"EU","date":"2023/07/09","dateStart":"2024/07/07","dateEnd":"2024/07/12"},"2024-07-10-airbeat-one-festival-2024":{"location":"Neustadt-Glewe, Germany","countryCode":"DE","continentCode":"EU","date":"2023/07/16","dateStart":"2024/07/10","dateEnd":"2024/07/14"},"2024-07-12-basscon-presents-geo-2024":{"location":"919 4th Ave, San Diego, CA 92101-6109, United States","countryCode":"US","continentCode":"NA","date":"2024/06/19","dateStart":"2024/07/12"},"2024-07-12-chemistry-presents-element-birthday-bash-2024":{"location":"Heuvelring 39-05, 5038 CJ Tilburg, Netherlands","countryCode":"NL","continentCode":"EU","date":"2024/06/14","dateStart":"2024/07/12"},"2024-07-12-city-of-dance-festival-2024":{"location":"Zuidsingel 34A, 4331 RT Middelburg, Netherlands","countryCode":"NL","continentCode":"EU","date":"2024/06/19","dateStart":"2024/07/12","dateEnd":"2024/07/14"},"2024-07-12-euphoria-war-present-raakmo-2024":{"location":"300 Lakehurst Rd, Waukegan, IL 60085-6602, United States","countryCode":"US","continentCode":"NA","date":"2024/06/19","dateStart":"2024/07/12"},"2024-07-12-hype-o-dream-2024":{"location":"Waregem, Belgium","countryCode":"BE","continentCode":"EU","date":"2024/06/19","dateStart":"2024/07/12","dateEnd":"2024/07/13"},"2024-07-12-madness-presents-devin-wild-the-purge-imperatorz-2024":{"location":"Königstr. 49, Stuttgart, Germany","countryCode":"DE","continentCode":"EU","date":"2024/06/14","dateStart":"2024/07/12"},"2024-07-12-masif-mainstage-present-hard-trance-reunion-2024":{"location":"127-131 Liverpool St, Sydney NSW 2000, Australia","countryCode":"AU","continentCode":"OC","date":"2024/06/14","dateStart":"2024/07/12"},"2024-07-12-so-whappy-festival-2024":{"location":"Brunehaut, Belgium","countryCode":"BE","continentCode":"EU","date":"2023/11/07","dateStart":"2024/07/12","dateEnd":"2024/07/14"},"2024-07-13-fantasia-festival-2024":{"location":"Vossestraat 67, 9220 Hamme, Belgium","countryCode":"BE","continentCode":"EU","date":"2024/06/13","dateStart":"2024/07/13"},"2024-07-13-infinity-festival-2024":{"location":"Busselsteeg 22, 5258 VG Berlicum, Netherlands","countryCode":"NL","continentCode":"EU","date":"2024/02/22","dateStart":"2024/07/13","dateEnd":"2024/07/14"},"2024-07-13-matrixx-at-the-park-2024":{"location":"Kelfkensbos 60, 6511 TB Nijmegen, Netherlands","countryCode":"NL","continentCode":"EU","date":"2024/06/19","dateStart":"2024/07/13","dateEnd":"2024/07/19"},"2024-07-13-vroeger-was-alles-beter-festival-2024":{"location":"Graafsebaan 133, 5248 NL Rosmalen, Netherlands","countryCode":"NL","continentCode":"EU","date":"2024/06/13","dateStart":"2024/07/13"},"2024-07-14-electrobeach-festival-2024":{"location":"La Grande Plage, Le Barcarès, France","countryCode":"FR","continentCode":"EU","date":"2024/06/19","dateStart":"2024/07/14","dateEnd":"2024/07/16"},"2024-07-19-dominator-festival-2024":{"location":"Buivensedreef 10, 5521 RN Eersel, Netherlands","countryCode":"NL","continentCode":"EU","date":"2023/07/15","dateStart":"2024/07/19","dateEnd":"2024/07/20"},"2024-07-19-havelbeats-festival-2024":{"location":"Schiffbauergasse 7, 14467 Potsdam, Germany","countryCode":"DE","continentCode":"EU","date":"2024/06/20","dateStart":"2024/07/19","dateEnd":"2024/07/20"},"2024-07-19-hktn-presents-the-funfair-of-tempo-2024":{"location":"Heuvelring 94, Tilburg, Netherlands","countryCode":"NL","continentCode":"EU","date":"2024/06/14","dateStart":"2024/07/19"},"2024-07-19-parookaville-2024":{"location":"Nord-Ring 310, 47652 Weeze, Germany","countryCode":"DE","continentCode":"EU","date":"2023/07/24","dateStart":"2024/07/19","dateEnd":"2024/07/21"},"2024-07-19-tomorrowland-weekend-1-2024":{"location":"Schommelei 1, 2850 Boom, Belgium","countryCode":"BE","continentCode":"EU","date":"2023/11/15","dateStart":"2024/07/19","dateEnd":"2024/07/21"},"2024-07-19-tomorrowland-weekend-2-2024":{"location":"Schommelei 1, 2850 Boom, Belgium","countryCode":"BE","continentCode":"EU","date":"2023/11/15","dateStart":"2024/07/26","dateEnd":"2024/07/28"},"2024-07-20-austria-goes-zrce-2024":{"location":"Slatinska ul. 89, 53291, Novalja, Croatia","countryCode":"HR","continentCode":"EU","date":"2024/06/19","dateStart":"2024/07/20","dateEnd":"2024/07/27"},"2024-07-20-q-dance-take-over-at-sunrise-festival-2024":{"location":"78-111 Bagicz, Poland","countryCode":"PL","continentCode":"EU","date":"2024/03/14","dateStart":"2024/07/20","dateEnd":"2024/07/22"},"2024-07-25-break-the-rules-festival-2024":{"location":"02943 Boxberg, Germany","countryCode":"DE","continentCode":"EU","date":"2024/06/19","dateStart":"2024/07/25","dateEnd":"2024/07/28"},"2024-07-26-heart-of-hard-presents-roza-2024":{"location":"Tachovské náměstí 5, Prague, Czech Republic","countryCode":"CZ","continentCode":"EU","date":"2024/06/14","dateStart":"2024/07/26"},"2024-07-26-open-beatz-festival-2024":{"location":"Puschendorfer Str. 2, 91074 Herzogenaurach, Germany","countryCode":"DE","continentCode":"EU","date":"2024/06/13","dateStart":"2024/07/26"},"2024-07-26-wolf-boat-2024":{"location":"Prague, Czech Republic","countryCode":"CZ","continentCode":"EU","date":"2024/06/19","dateStart":"2024/07/26"},"2024-07-27-bkjn-events-presents-major-conspiracy-2024":{"location":"Veemarktstraat 38C, 5038 CV Tilburg, Netherlands","countryCode":"NL","continentCode":"EU","date":"2024/06/14","dateStart":"2024/07/27"},"2024-07-27-complex-festival-2024":{"location":"Vattenfall InCharge, Marathonweg, 6225 Maastricht, Netherlands","countryCode":"NL","continentCode":"EU","date":"2024/06/20","dateStart":"2024/07/27","dateEnd":"2024/07/28"},"2024-07-27-emotions-festival-2024":{"location":"Str. Montichiari, 18, 25016 Villaggio Belvedere BS, Italy","countryCode":"IT","continentCode":"EU","date":"2024/06/19","dateStart":"2024/07/27"},"2024-07-27-hard-dance-nyc-presents-neek-2024":{"location":"23 Meadow Street, Brooklyn, NY, United States","countryCode":"US","continentCode":"NA","date":"2024/06/19","dateStart":"2024/07/27"},"2024-07-27-luna-beach-festival-2024":{"location":"Strand van Luna 1, 1704 ZZ Heerhugowaard, Netherlands","countryCode":"NL","continentCode":"EU","date":"2024/06/19","dateStart":"2024/07/27"},"2024-07-27-supercharged-festival-2024":{"location":"Smaakexplosies, Middenweg, 1505 RK Zaandam, Netherlands","countryCode":"NL","continentCode":"EU","date":"2024/01/19","dateStart":"2024/07/27"},"2024-08-01-nature-one-2024":{"location":"Raketenbasis Pydna 56218 Kastellaun, Germany","countryCode":"DE","continentCode":"EU","date":"2024/06/13","dateStart":"2024/08/01","dateEnd":"2024/08/04"},"2024-08-01-relevatez-festival-2024":{"location":"Glaubenbergstrasse, 6162 Entlebuch, Switzerland","countryCode":"CH","continentCode":"EU","date":"2023/08/07","dateStart":"2024/08/01","dateEnd":"2024/08/03"},"2024-08-02-cantonale-fvjc-2024":{"location":"1271 Givrins, Switzerland","countryCode":"CH","continentCode":"EU","date":"2024/06/14","dateStart":"2024/08/02"},"2024-08-02-hard-mess-festival-2024":{"location":"France","countryCode":"FR","continentCode":"EU","date":"2024/02/26","dateStart":"2024/08/02","dateEnd":"2024/08/04"},"2024-08-02-owl-festival-2024":{"location":"Magnus Stenbocks väg 29, 291 63 Kristianstad, Sweden","countryCode":"SE","continentCode":"EU","date":"2024/01/10","dateStart":"2024/08/02","dateEnd":"2024/08/04"},"2024-08-02-weekend-festival-2024":{"location":"Valjakkotie 1, 00370 Espoo, Finland","countryCode":"FI","continentCode":"EU","date":"2024/06/19","dateStart":"2024/08/02","dateEnd":"2024/08/03"},"2024-08-03-bavaria-goes-zrce-2024":{"location":"Slatinska ul. 89, 53291, Novalja, Croatia","countryCode":"HR","continentCode":"EU","date":"2024/06/19","dateStart":"2024/08/03","dateEnd":"2024/08/10"},"2024-08-03-rebellion-outdoor-festival-2024":{"location":"IJmeerdijk, Almere, Netherlands","countryCode":"NL","continentCode":"EU","date":"2023/11/25","dateStart":"2024/08/03"},"2024-08-03-shutdown-festival-2024":{"location":"Sonnenweg 1 3435 Zwentendorf an der Donau, Austria","countryCode":"AT","continentCode":"EU","date":"2024/06/13","dateStart":"2024/08/03"},"2024-08-03-timeless-festival-2024":{"location":"Rue de la Sauvenière 17, 5580 Rochefort, Belgium","countryCode":"BE","continentCode":"EU","date":"2023/08/14","dateStart":"2024/08/03","dateEnd":"2024/08/04"},"2024-08-04-hardcore-at-sea-2024":{"location":"Bloemendaal, Netherlands","countryCode":"NL","continentCode":"EU","date":"2024/06/14","dateStart":"2024/08/04"},"2024-08-07-medusa-festival-2024":{"location":"Playa de Cullera 46400 Cullera, Spain","countryCode":"ES","continentCode":"EU","date":"2024/06/19","dateStart":"2024/08/07","dateEnd":"2024/08/12"},"2024-08-08-q-dance-take-over-at-sziget-festival-2024":{"location":"Budapest Óbuda, Hungary","countryCode":"HU","continentCode":"EU","date":"2024/03/14","dateStart":"2024/08/08"},"2024-08-09-electrisize-festival-2024":{"location":"41812 Erkelenz, Germany","countryCode":"DE","continentCode":"EU","date":"2024/06/13","dateStart":"2024/08/09"},"2024-08-09-the-qontinent-2024":{"location":"Craenendam 1, 9185 Wachtebeke, Belgium","countryCode":"BE","continentCode":"EU","date":"2023/12/20","dateStart":"2024/08/09","dateEnd":"2024/08/11"},"2024-08-10-shangri-la-festival-2024":{"location":"Zegerplas, Westkanaalweg, 2403 Alphen aan den Rijn, Netherlands","countryCode":"NL","continentCode":"EU","date":"2024/06/20","dateStart":"2024/08/10"},"2024-08-14-fm4-frequency-festival-2024":{"location":"Kelsengasse 9, 3100 St. Pölten, Austria","countryCode":"AT","continentCode":"EU","date":"2024/06/19","dateStart":"2024/08/14","dateEnd":"2024/08/17"},"2024-08-16-decibel-outdoor-festival-2024":{"location":"Hilvarenbeek, Safaripark, 5081 NJ Hilvarenbeek, Netherlands","countryCode":"NL","continentCode":"EU","date":"2023/08/20","dateStart":"2024/08/16","dateEnd":"2024/08/18"},"2024-08-16-echelon-festival-2024":{"location":"Otto-Wels-Straße 2, 83043 Bad Aibling, Germany","countryCode":"DE","continentCode":"EU","date":"2024/06/19","dateStart":"2024/08/16","dateEnd":"2024/08/18"},"2024-08-17-hardstyle-maniacs-presents-go-hard-2024":{"location":"501 S Mill Ave, Tempe, AZ 85281-3612, United States","countryCode":"US","continentCode":"NA","date":"2024/06/19","dateStart":"2024/08/17"},"2024-08-22-creamfields-2024":{"location":"Daresbury, WA4 5LP Daresbury, United Kingdom","countryCode":"GB","continentCode":"EU","date":"2024/06/20","dateStart":"2024/08/22","dateEnd":"2024/08/25"},"2024-08-22-hell-festival-2024":{"location":"Lindenstraße 56, 06536 Berga, Germany","countryCode":"DE","continentCode":"EU","date":"2024/06/19","dateStart":"2024/08/22","dateEnd":"2024/08/25"},"2024-08-22-loco-beach-2024":{"location":"T4A, Nurburgring, Nürburgring Boulevard 1, 53520 Nürburg, Germany","countryCode":"DE","continentCode":"EU","date":"2024/06/19","dateStart":"2024/08/22","dateEnd":"2024/08/25"},"2024-08-23-electrolapse-festival-2024":{"location":"26210 Saint-Sorlin-en-Valloire, France","countryCode":"FR","continentCode":"EU","date":"2024/06/20","dateStart":"2024/08/23","dateEnd":"2024/08/24"},"2024-08-23-fabulous-festival-2024":{"location":"980 Chemin de Pellausy, 31340 Villemur-sur-Tarn, France","countryCode":"FR","continentCode":"EU","date":"2024/06/20","dateStart":"2024/08/23","dateEnd":"2024/08/25"},"2024-08-23-rustyland-boat-rave-2024":{"location":"Große Elbstraße 9, 22767 Hamburg, Germany","countryCode":"DE","continentCode":"EU","date":"2024/06/18","dateStart":"2024/08/23"},"2024-08-23-sana-duri-2024":{"location":"Frihamnen 3, 417 70 Göteborg, Sweden","countryCode":"SE","continentCode":"EU","date":"2024/06/19","dateStart":"2024/08/23","dateEnd":"2024/08/24"},"2024-08-24-kickerz-festival-2024":{"location":"Westervoortsedijk 124, 6827 AX Arnhem, Netherlands","countryCode":"NL","continentCode":"EU","date":"2024/02/19","dateStart":"2024/08/24"},"2024-08-25-forbidden-island-2024":{"location":"Slatinska ul. 89, 53291, Novalja, Croatia","countryCode":"HR","continentCode":"EU","date":"2023/09/01","dateStart":"2024/08/25","dateEnd":"2024/08/29"},"2024-08-30-basscon-wasteland-2024":{"location":"689 S E St, San Bernardino, CA 92408, United States","countryCode":"US","continentCode":"NA","date":"2024/03/23","dateStart":"2024/08/30","dateEnd":"2024/08/31"},"2024-08-30-glemmer-beach-2024":{"location":"Plattedijk 1, 8531 PB Lemmer, Netherlands","countryCode":"NL","continentCode":"EU","date":"2024/06/19","dateStart":"2024/08/30","dateEnd":"2024/08/31"},"2024-08-30-into-the-madness-2024":{"location":"Am Wassersportsee 7, 53909 Zülpich, Germany","countryCode":"DE","continentCode":"EU","date":"2023/09/06","dateStart":"2024/08/30","dateEnd":"2024/09/01"},"2024-08-30-mysteryland-2024":{"location":"Haarlemmermeer, Netherlands","countryCode":"NL","continentCode":"EU","date":"2023/04/27","dateStart":"2024/08/30","dateEnd":"2024/09/01"},"2024-08-31-affenkafig-festival-2024":{"location":"Am Flugplatz, Mendig, Germany","countryCode":"DE","continentCode":"EU","date":"2024/06/19","dateStart":"2024/08/31","dateEnd":"2024/09/01"},"2024-08-31-ground-zero-festival-2024":{"location":"Kneuterstraat 21, 7384 CT Wilp, Netherlands","countryCode":"NL","continentCode":"EU","date":"2023/11/17","dateStart":"2024/08/31"},"2024-09-04-delta-festival-2024":{"location":"6 Rue des Fabres, 13001 Marseille, France","countryCode":"FR","continentCode":"EU","date":"2024/06/20","dateStart":"2024/09/04","dateEnd":"2024/09/08"},"2024-09-07-dedikted-the-desolated-world-2024":{"location":"Avenida Ferronales Poniente 8, Cuautitlán, Mexico","countryCode":"MX","continentCode":"NA","date":"2024/06/14","dateStart":"2024/09/07"},"2024-09-07-hakkuh-voor-kids-2024":{"location":"Zwarteweg 90, 1431 VM Aalsmeer, Netherlands","countryCode":"NL","continentCode":"EU","date":"2024/06/20","dateStart":"2024/09/07"},"2024-09-07-pokke-herrie-2024":{"location":"Im Lipperfeld 23, 46047 Oberhausen, Germany","countryCode":"DE","continentCode":"EU","date":"2024/03/03","dateStart":"2024/09/07"},"2024-09-07-sunglow-2024":{"location":"Vrouwe Huisjesweg 1, 3271 LX Mijnsheerenland, Netherlands","countryCode":"NL","continentCode":"EU","date":"2024/06/20","dateStart":"2024/09/07"},"2024-09-07-the-hardest-presents-the-ultimate-battles-2024":{"location":"Ruiterskwartier 41, Leeuwarden, Netherlands","countryCode":"NL","continentCode":"EU","date":"2024/02/07","dateStart":"2024/09/07"},"2024-09-14-dream-village-2024":{"location":"Lage Aard 7-1, 4854 NM Bavel, Netherlands","countryCode":"NL","continentCode":"EU","date":"2024/06/20","dateStart":"2024/09/14"},"2024-09-14-supremacy-2024":{"location":"Batavierenweg 25, 6841 HN Arnhem, Netherlands","countryCode":"NL","continentCode":"EU","date":"2024/01/15","dateStart":"2024/09/14"},"2024-09-20-august-hall-presents-da-tweekaz-2024":{"location":"420 Mason St, San Francisco, CA 94102, United States","countryCode":"US","continentCode":"NA","date":"2024/06/19","dateStart":"2024/09/20"},"2024-09-20-hardstylemania-presents-ran-d-imperatorz-unicorn-on-ketamine-2024":{"location":"Zur Fuchsfarm 1, 29227 Celle, Germany","countryCode":"DE","continentCode":"EU","date":"2024/06/19","dateStart":"2024/09/20"},"2024-09-20-infamous-armada-2024":{"location":"Air Nature Ballon, 22120 Quessoy, France","countryCode":"FR","continentCode":"EU","date":"2024/06/20","dateStart":"2024/09/20","dateEnd":"2024/09/22"},"2024-09-21-captain-hardstyle-2024":{"location":"Romanshorn, 8590, Switzerland","countryCode":"CH","continentCode":"EU","date":"2023/09/26","dateStart":"2024/09/21"},"2024-09-21-insomnia-part-iv-2024":{"location":"Olympiaweg 2A, Alphen aan den Rijn, Netherlands","countryCode":"NL","continentCode":"EU","date":"2024/06/20","dateStart":"2024/09/21"},"2024-09-21-titanium-festival-2024":{"location":"Middelwaard 2, 4133 LB Vianen, Netherlands","countryCode":"NL","continentCode":"EU","date":"2023/09/01","dateStart":"2024/09/21"},"2024-09-28-energy-festival-2024":{"location":"Av. Thomas Edison 2, 7000 Mons, Belgium","countryCode":"BE","continentCode":"EU","date":"2024/06/20","dateStart":"2024/09/28"},"2024-09-28-volle-gaas-in-dixies-2024":{"location":"Pauwelslei 18, 2930 Brasschaat, Belgium","countryCode":"BE","continentCode":"EU","date":"2024/06/13","dateStart":"2024/09/28"},"2024-10-05-a-nightmare-in-rotterdam-2024":{"location":"Ahoyweg 10, 3084 BA Rotterdam, Netherlands","countryCode":"NL","continentCode":"EU","date":"2023/10/07","dateStart":"2024/10/05"},"2024-10-05-gearbox-presents-overdrive-2-2024":{"location":"Lardinoisstraat 8, 5611 ZZ Eindhoven, Netherlands","countryCode":"NL","continentCode":"EU","date":"2024/06/20","dateStart":"2024/10/05"},"2024-10-05-knockout-outdoor-2024":{"location":"SKODA Stadium, Grand Pde, Sydney Olympic Park NSW 2127, Australia","countryCode":"AU","continentCode":"OC","date":"2024/06/13","dateStart":"2024/10/05"},"2024-10-05-syndicate-2024":{"location":"Westfalenhallen Dortmund, Dortmund, Germany","countryCode":"DE","continentCode":"EU","date":"2023/10/07","dateStart":"2024/10/05"},"2024-10-11-phobia-2024":{"location":"Phoenix, Arizona, United States","countryCode":"US","continentCode":"NA","date":"2024/06/20","dateStart":"2024/10/11"},"2024-10-12-elektrum-festival-2024":{"location":"Velder 14, 5298 MB Liempde, Netherlands","countryCode":"NL","continentCode":"EU","date":"2024/06/20","dateStart":"2024/10/12"},"2024-10-12-team-gabber-invites-north-gabber-2024":{"location":"Olympiaweg 2A, 2406 LG Alphen aan den Rijn, Netherlands","countryCode":"NL","continentCode":"EU","date":"2024/06/20","dateStart":"2024/10/12"},"2024-10-13-hardmission-thailand-2024":{"location":"88 Debaratna Rd, Bang Na Tai, Bang Na, Bangkok 10260, Thailand","countryCode":"TH","continentCode":"AS","date":"2024/06/14","dateStart":"2024/10/13"},"2024-10-13-this-is-sefa-2024":{"location":"Oberhausen, Germany","countryCode":"DE","continentCode":"EU","date":"2024/06/14","dateStart":"2024/10/13"},"2024-10-16-dirty-workz-presents-dirty-by-nature-2024":{"location":"Oostelijke Handelskade 4, Amsterdam, Netherlands","countryCode":"NL","continentCode":"EU","date":"2024/06/20","dateStart":"2024/10/16"},"2024-10-25-king-of-the-pieps-2024":{"location":"Güterbahnhofstrasse 4 9000 Saint Gallen, Switzerland","countryCode":"CH","continentCode":"EU","date":"2024/02/09","dateStart":"2024/10/25"},"2024-10-26-braindead-halloween-2024":{"location":"Heuvelring 94, 5038 CL Tilburg, Netherlands","countryCode":"NL","continentCode":"EU","date":"2024/06/14","dateStart":"2024/10/26"},"2024-10-26-karma-indoor-2024":{"location":"Theo Koomenlaan 1, 5644 HZ Eindhoven, Netherlands","countryCode":"NL","continentCode":"EU","date":"2024/06/19","dateStart":"2024/10/26"},"2024-10-31-dream-nation-festival-2024":{"location":"Le Vieux Marché Ga5a, 93420 Villepinte, France","countryCode":"FR","continentCode":"EU","date":"2024/06/20","dateStart":"2024/10/31","dateEnd":"2024/11/02"},"2024-10-31-halloween-dancing-dead-3":{"location":"Filder Straße 304, 47447 Moers, Germany","countryCode":"DE","continentCode":"EU","date":"2024/06/19","dateStart":"2024/10/31"},"2024-10-31-sub-zero-project-halloween-special-2024":{"location":"Rijnkaai 150, 2000 Antwerpen, Belgium","countryCode":"BE","continentCode":"EU","date":"2024/03/18","dateStart":"2024/10/31"},"2024-11-02-5-years-of-team-gabber-2024":{"location":"Olympiaweg 2A, 2406 LG Alphen aan den Rijn, Netherlands","countryCode":"NL","continentCode":"EU","date":"2024/06/20","dateStart":"2024/11/02"},"2024-11-02-rawness-hypnotic-disorder-2024":{"location":"Heuvelring 116, 5038 CL Tilburg, Netherlands","countryCode":"NL","continentCode":"EU","date":"2024/06/13","dateStart":"2024/11/02"},"2024-11-02-snakepit-2024":{"location":"Restauratie Atelier Eindhoven, schilderijen, Klokgebouw, 5617 AC Eindhoven, Netherlands","countryCode":"NL","continentCode":"EU","date":"2023/11/05","dateStart":"2024/11/02"},"2024-11-08-solareclipse-2024":{"location":"Trivium 170, Etten-Leur, Netherlands","countryCode":"NL","continentCode":"EU","date":"2024/06/14","dateStart":"2024/11/08"},"2024-11-09-a-nightmare-in-germany-2024":{"location":"Mülheimer Str. 4 46049 Oberhausen, Germany","countryCode":"DE","continentCode":"EU","date":"2024/02/22","dateStart":"2024/11/09"},"2024-11-09-jay-reeve-presents-melodic-madness-2024":{"location":"Veemarktstraat 44, 5038 CV Tilburg, Netherlands","countryCode":"NL","continentCode":"EU","date":"2024/02/03","dateStart":"2024/11/09"},"2024-11-09-raving-nightmare-2024":{"location":"Griend 7, 6221 AJ Maastricht, Netherlands","countryCode":"NL","continentCode":"EU","date":"2024/02/21","dateStart":"2024/11/09"},"2024-11-15-imagination-festival-2024":{"location":"Beranových 667 199 00 Prague, Czech Republic","countryCode":"CZ","continentCode":"EU","date":"2023/02/01","dateStart":"2024/11/15"},"2024-11-16-qlimax-2024":{"location":"Batavierenweg 25, 6841 HN Arnhem, Netherlands","countryCode":"NL","continentCode":"EU","date":"2024/01/01","dateStart":"2024/11/16"},"2024-11-22-imagination-festival-2024":{"location":"Beranových 667 199 00 Prague, Czech Republic","countryCode":"CZ","continentCode":"EU","date":"2023/02/01","dateStart":"2024/11/22"},"2024-11-23-masters-of-hardcore-uk-2024":{"location":"Victoria Warehouse WHP, Trafford Wharf Road, Manchester, M17 1, United Kingdom","countryCode":"GB","continentCode":"EU","date":"2024/06/20","dateStart":"2024/11/23"},"2024-11-23-rebellion-indoor-festival-2024":{"location":"Kreitweg 1, 5076 NN Haaren, Netherlands","countryCode":"NL","continentCode":"EU","date":"2024/02/19","dateStart":"2024/11/23"},"2024-11-30-dimitri-k-sacrifice-day-2024":{"location":"Bavelseparklaan, Breda, Netherlands","countryCode":"NL","continentCode":"EU","date":"2024/06/14","dateStart":"2024/11/30"},"2024-12-07-electric-sea-festival-2024":{"location":"Zur Hansemesse 1, 18106 Rostock, Deutschland, Germany","countryCode":"DE","continentCode":"EU","date":"2023/12/11","dateStart":"2024/12/07","dateEnd":"2024/12/08"},"2024-12-07-reminder-artist-special-2024":{"location":"Hemkade 48, Zaandam, Netherlands","countryCode":"NL","continentCode":"EU","date":"2024/06/14","dateStart":"2024/12/07"},"2024-12-07-route-909-exit-6-2024":{"location":"Homburg 26, Beesd, Netherlands","countryCode":"NL","continentCode":"EU","date":"2024/06/20","dateStart":"2024/12/07"},"2024-12-07-unity-2024":{"location":"Hohlstrasse 457 8048 Zürich, Switzerland","countryCode":"CH","continentCode":"EU","date":"2024/02/21","dateStart":"2024/12/07"},"2024-12-14-shockerz-2024":{"location":"Graafsebaan 133, 5248 NL Rosmalen, Netherlands","countryCode":"NL","continentCode":"EU","date":"2024/01/31","dateStart":"2024/12/14"},"2024-12-21-hardmission-prague-2024":{"location":"Za Elektrárnou 419/1, 170 00 Praha 7-Bubeneč, Czech Republic","countryCode":"CZ","continentCode":"EU","date":"2024/06/14","dateStart":"2024/12/21"},"2024-12-21-pat-b-birthday-bash-xxl-2024":{"location":"Lotto Arena, Schijnpoortweg 119, 2170 Antwerpen, Belgium","countryCode":"BE","continentCode":"EU","date":"2024/02/29","dateStart":"2024/12/21"},"2024-12-28-megarave-the-millennium-edition-2024":{"location":"Rodesk B.V., Maashaven Z.z 5, 3081 AE Rotterdam, Netherlands","countryCode":"NL","continentCode":"EU","date":"2024/06/20","dateStart":"2024/12/28"},"2025-01-25-snowbass-festival-2025":{"location":"Hemkade 48, 1506 PS Zaandam, Netherlands","countryCode":"NL","continentCode":"EU","date":"2024/06/14","dateStart":"2025/01/25"},"2025-02-01-apex-2025":{"location":"Xaver-Fuhr-Straße 115, 68165 Mannheim, Germany","countryCode":"DE","continentCode":"EU","date":"2024/06/14","dateStart":"2025/02/01"},"2025-02-01-ravezone-2025":{"location":"Lardinoisstraat 8, Eindhoven, Netherlands","countryCode":"NL","continentCode":"EU","date":"2024/06/14","dateStart":"2025/02/01"},"2025-02-14-reverze-2025":{"location":"Schijnpoortweg 113, 2170 Antwerpen, Belgium","countryCode":"BE","continentCode":"EU","date":"2024/03/04","dateStart":"2025/02/14","dateEnd":"2025/02/15"},"2025-03-29-masters-of-hardcore-2025":{"location":"Diezekade 2, 5222 AK 's-Hertogenbosch, Netherlands","countryCode":"NL","continentCode":"EU","date":"2024/03/30","dateStart":"2025/03/29"},"2025-04-18-paaspop-2025":{"location":"Schijndel, Netherlands","countryCode":"NL","continentCode":"EU","date":"2024/06/14","dateStart":"2025/04/18"},"2025-06-07-harmony-of-hardcore-2025":{"location":"Dieperskant 24, 5469 PB Erp, Netherlands","countryCode":"NL","continentCode":"EU","date":"2024/06/14","dateStart":"2025/06/07"}}